<?xml version="1.0" encoding="utf-8"?>
<rss version="2.0"
  xmlns:atom="http://www.w3.org/2005/Atom"
  xmlns:content="http://purl.org/rss/1.0/modules/content/">
  <channel>
    <title>漂自己的移，让别人都撞墙去吧</title>
    <link>http://www.gagahappy.com/</link>
    
    <image>
      <url>http://www.gagahappy.com/icon.png</url>
      <title>漂自己的移，让别人都撞墙去吧</title>
      <link>http://www.gagahappy.com/</link>
    </image>
    
    <atom:link href="http://www.gagahappy.com/rss2.xml" rel="self" type="application/rss+xml"/>
    
    <description>喜欢熬夜，喜欢畅游互联网，喜欢鼓捣Ubuntu，喜欢玩魔方臭显摆，喜欢小团体集体行动，喜欢餐前DQ，喜欢STARBUCKS，喜欢看着MM穿着凉快的衣服，喜欢YY~</description>
    <pubDate>Tue, 18 Aug 2020 10:11:26 GMT</pubDate>
    <generator>http://hexo.io/</generator>
    
    <item>
      <title>Hexo安装Next主题 Rss 侧边栏</title>
      <link>http://www.gagahappy.com/use-next-theme/</link>
      <guid>http://www.gagahappy.com/use-next-theme/</guid>
      <pubDate>Tue, 18 Aug 2020 07:47:49 GMT</pubDate>
      
        
        
          
          
      <description>&lt;p&gt;无意间发现 &lt;code&gt;Hexo&lt;/code&gt; 的 &lt;code&gt;Next&lt;/code&gt; 主题也很好看，之前的 &lt;code&gt;Yelee&lt;/code&gt; 主题使用了好久，决定换成</description>
          
        
      
      
      
      
      <category domain="http://www.gagahappy.com/categories/software/">玩转软件</category>
      
      
      <category domain="http://www.gagahappy.com/tags/hexo/">hexo</category>
      
      
    </item>
    
    <item>
      <title>感觉佳明的心率又飘了</title>
      <link>http://www.gagahappy.com/running-heart-rate-176/</link>
      <guid>http://www.gagahappy.com/running-heart-rate-176/</guid>
      <pubDate>Mon, 10 Aug 2020 14:04:12 GMT</pubDate>
      
        
        
          
          
      <description>&lt;p&gt;感觉佳明的心率又飘了，因为最大心率下很难坚持，可能是表戴的太松了。跑了不到4公里，配速633，真的是退步很多，想想之前的5公里，配速都不到5分钟呀。慢慢恢复跑呗，先从提高步频开始，恢复到180先&lt;/p&gt;
&lt;p&gt;&lt;img</description>
          
        
      
      
      
      
      <category domain="http://www.gagahappy.com/categories/consciousness/">意识流</category>
      
      
      <category domain="http://www.gagahappy.com/tags/running/">running</category>
      
      
    </item>
    
    <item>
      <title>非谓语 taken</title>
      <link>http://www.gagahappy.com/study-eng-participle-2020-7-23/</link>
      <guid>http://www.gagahappy.com/study-eng-participle-2020-7-23/</guid>
      <pubDate>Thu, 23 Jul 2020 13:53:39 GMT</pubDate>
      
        
        
          
          
      <description>&lt;p&gt;The 13 people taken hostage on a bus in western Ukraine were freed&lt;/p&gt;
&lt;p&gt;容易犯的错误是翻译为13人劫持人质，把taken 做谓语使用，认为the 13 people</description>
          
        
      
      
      
      
      <category domain="http://www.gagahappy.com/categories/consciousness/">意识流</category>
      
      
      <category domain="http://www.gagahappy.com/tags/eng/">eng</category>
      
      
    </item>
    
    <item>
      <title>每次倒啤酒的时候</title>
      <link>http://www.gagahappy.com/after-tt-video-update/</link>
      <guid>http://www.gagahappy.com/after-tt-video-update/</guid>
      <pubDate>Mon, 08 Jun 2020 14:21:37 GMT</pubDate>
      
        
        
          
          
      <description>&lt;blockquote&gt;
&lt;p&gt;晚饭后拉肚子，然后饿，好饿呀，腾讯视频升级后，居然需要安装QQ才能登录&lt;/p&gt;
&lt;p&gt;每次倒啤酒的时候上面都会有一层厚厚的泡沫，看起来庞大，实际都是空气，你给的爱也是&lt;/p&gt;
&lt;/blockquote&gt;
</description>
          
        
      
      
      
      
      <category domain="http://www.gagahappy.com/categories/consciousness/">意识流</category>
      
      
      <category domain="http://www.gagahappy.com/tags/journal/">随笔</category>
      
      
    </item>
    
    <item>
      <title>虽然配速不快</title>
      <link>http://www.gagahappy.com/running-stride-frequency-172/</link>
      <guid>http://www.gagahappy.com/running-stride-frequency-172/</guid>
      <pubDate>Tue, 19 May 2020 14:03:07 GMT</pubDate>
      
        
        
          
          
      <description>&lt;p&gt;虽然配速不快，但各项指标都趋于正常：每公里配速逐步提高，步频稳定，心率167偏高，体力也还可以，只能慢慢恢复了，刷小圈实在是个挑战。遇到之前的一个跑友，说疫情期间也停练了，也退步不少，哎，心肺锻炼就是这样呀，一旦长时间不练，就都白练了&lt;/p&gt;
&lt;p&gt;&lt;img</description>
          
        
      
      
      
      
      <category domain="http://www.gagahappy.com/categories/consciousness/">意识流</category>
      
      
      <category domain="http://www.gagahappy.com/tags/running/">running</category>
      
      
    </item>
    
    <item>
      <title>until 用法</title>
      <link>http://www.gagahappy.com/eng-grammar-until/</link>
      <guid>http://www.gagahappy.com/eng-grammar-until/</guid>
      <pubDate>Mon, 11 May 2020 01:41:02 GMT</pubDate>
      
        
        
          
          
      <description>&lt;p&gt;&lt;img src=&quot;http://img.gagahappy.cn/blog/2020/05/eng-grammar-until.jpg_b1&quot; alt=&quot;until 用法&quot; title=&quot;until</description>
          
        
      
      
      
      
      <category domain="http://www.gagahappy.com/categories/consciousness/">意识流</category>
      
      
      <category domain="http://www.gagahappy.com/tags/eng/">eng</category>
      
      
    </item>
    
    <item>
      <title>这里没有用will</title>
      <link>http://www.gagahappy.com/eng-grammar-will/</link>
      <guid>http://www.gagahappy.com/eng-grammar-will/</guid>
      <pubDate>Sat, 09 May 2020 13:08:42 GMT</pubDate>
      
        
        
          
          
      <description>&lt;p&gt;这里没有用will,如果用了will表示有人会相信，显然这与事实相反&lt;/p&gt;
&lt;p&gt;&lt;img src=&quot;http://img.gagahappy.cn/blog/2020/05/eng-grammar-will.jpg_b1&quot; alt=&quot;这里没有用will&quot;</description>
          
        
      
      
      
      
      <category domain="http://www.gagahappy.com/categories/consciousness/">意识流</category>
      
      
      <category domain="http://www.gagahappy.com/tags/eng/">eng</category>
      
      
    </item>
    
    <item>
      <title>发现一个关于虚拟语句很好的例句</title>
      <link>http://www.gagahappy.com/eng-grammar-were/</link>
      <guid>http://www.gagahappy.com/eng-grammar-were/</guid>
      <pubDate>Thu, 07 May 2020 06:49:35 GMT</pubDate>
      
        
        
          
          
      <description>&lt;p&gt;发现一个关于虚拟语句很好的例句，结构也很典型，主句和从句都是对现在的虚拟。如果是作为考试的话，要把从句中的was改成were。&lt;code&gt;if I were boy&lt;/code&gt; 这首歌的歌词用的就是were，也是对现在的虚拟，因为歌手是女的呀&lt;/p&gt;
&lt;p&gt;&lt;img</description>
          
        
      
      
      
      
      <category domain="http://www.gagahappy.com/categories/consciousness/">意识流</category>
      
      
      <category domain="http://www.gagahappy.com/tags/eng/">eng</category>
      
      
    </item>
    
    <item>
      <title>If you understand a bug</title>
      <link>http://www.gagahappy.com/if-you-understand-a-bug/</link>
      <guid>http://www.gagahappy.com/if-you-understand-a-bug/</guid>
      <pubDate>Tue, 28 Apr 2020 11:26:19 GMT</pubDate>
      
        
        
          
          
      <description>&lt;p&gt;&lt;img src=&quot;http://img.gagahappy.cn/blog/2020/04/if-you-understand-a-bug.jpg_b1&quot; alt=&quot;If you understand a bug&quot; title=&quot;If you understand a</description>
          
        
      
      
      
      
      <category domain="http://www.gagahappy.com/categories/consciousness/">意识流</category>
      
      
      <category domain="http://www.gagahappy.com/tags/journal/">随笔</category>
      
      
    </item>
    
    <item>
      <title>Poverty and property</title>
      <link>http://www.gagahappy.com/poverty-and-property/</link>
      <guid>http://www.gagahappy.com/poverty-and-property/</guid>
      <pubDate>Mon, 20 Apr 2020 14:17:03 GMT</pubDate>
      
        
        
          
          
      <description>&lt;p&gt;poverty 和 property 这两个词长得好像呀，贫穷，属性/财产&lt;/p&gt;
&lt;p&gt;没有看书的一天是很慌张的一天，是很restless的一天，I’m restless without reading books&lt;/p&gt;
&lt;p&gt;China’s strategy of</description>
          
        
      
      
      
      
      <category domain="http://www.gagahappy.com/categories/consciousness/">意识流</category>
      
      
      <category domain="http://www.gagahappy.com/tags/eng/">eng</category>
      
      
    </item>
    
    <item>
      <title>Go语言第7章</title>
      <link>http://www.gagahappy.com/study-go-programming-ch7/</link>
      <guid>http://www.gagahappy.com/study-go-programming-ch7/</guid>
      <pubDate>Sun, 05 Apr 2020 15:43:54 GMT</pubDate>
      
        
        
          
          
      <description>&lt;p&gt;发现自己在看GoPL的时候，居然上来就选择从一个最长的章节开始(by</description>
          
        
      
      
      
      
      <category domain="http://www.gagahappy.com/categories/development/">程序开发</category>
      
      
      <category domain="http://www.gagahappy.com/tags/golang/">golang</category>
      
      
    </item>
    
    <item>
      <title>Maria sharapova retirement from tennis</title>
      <link>http://www.gagahappy.com/maria-sharapova-retirement-from-tennis/</link>
      <guid>http://www.gagahappy.com/maria-sharapova-retirement-from-tennis/</guid>
      <pubDate>Thu, 27 Feb 2020 13:45:53 GMT</pubDate>
      
        
        
          
          
      <description>&lt;p&gt;莎拉波娃官宣退役，俄罗斯网坛美女Maria Sharapova，32岁结束职业生涯，5座大满贯加身，世界上收入最高的女运动员之一，再见女神，怀念你和你那有特色的叫喊声！&lt;/p&gt;
&lt;p&gt;&lt;img</description>
          
        
      
      
      
      
      <category domain="http://www.gagahappy.com/categories/information/">让资讯飞</category>
      
      
      <category domain="http://www.gagahappy.com/tags/people/">人物</category>
      
      
    </item>
    
    <item>
      <title>蒸包子</title>
      <link>http://www.gagahappy.com/cook-baozi-with-sauce/</link>
      <guid>http://www.gagahappy.com/cook-baozi-with-sauce/</guid>
      <pubDate>Fri, 10 Jan 2020 13:35:11 GMT</pubDate>
      
        
        
          
          
      <description>&lt;p&gt;又蒸了一次包子，馅不够大，还是没有褶子&lt;/p&gt;
&lt;p&gt;&lt;img src=&quot;http://img.gagahappy.cn/blog/2020/01/cook-baozi-with-sauce.jpg_b1&quot; alt=&quot;蒸包子&quot;</description>
          
        
      
      
      
      
      <category domain="http://www.gagahappy.com/categories/food/">美食么么</category>
      
      
      <category domain="http://www.gagahappy.com/tags/mycook/">做滴菜</category>
      
      
    </item>
    
    <item>
      <title>小小的跑步总结</title>
      <link>http://www.gagahappy.com/milestone-of-running/</link>
      <guid>http://www.gagahappy.com/milestone-of-running/</guid>
      <pubDate>Mon, 16 Sep 2019 02:13:46 GMT</pubDate>
      
        
        
          
          
      <description>&lt;p&gt;2017.05.24，第一次跑步，2019.09.15，累计跑步400公里，配速530。要继续增加跑量，加长距离，练习力量，让配速进入5分钟。你要知道，真正的酷，是需要付诸努力的，而不是染个黄头发（鄙视脸＋得意笑.</description>
          
        
      
      
      
      
      <category domain="http://www.gagahappy.com/categories/consciousness/">意识流</category>
      
      
      <category domain="http://www.gagahappy.com/tags/journal/">随笔</category>
      
      
    </item>
    
    <item>
      <title>下雨了没法跑步了</title>
      <link>http://www.gagahappy.com/cant-running-for-rain/</link>
      <guid>http://www.gagahappy.com/cant-running-for-rain/</guid>
      <pubDate>Mon, 22 Jul 2019 11:32:23 GMT</pubDate>
      
        
        
          
          
      <description>&lt;p&gt;下雨了，没法跑步了，奖牌离我而去了&lt;/p&gt;
&lt;p&gt;那天给小侄女买零食，按自己口味买了一堆，拿给小侄女后，她说都是她喜欢吃滴呀&lt;/p&gt;
&lt;p&gt;数字4.82怎么读？Four eighty</description>
          
        
      
      
      
      
      <category domain="http://www.gagahappy.com/categories/consciousness/">意识流</category>
      
      
      <category domain="http://www.gagahappy.com/tags/journal/">随笔</category>
      
      
    </item>
    
    <item>
      <title>关爱女性健康</title>
      <link>http://www.gagahappy.com/take-care-more-about-woman-health/</link>
      <guid>http://www.gagahappy.com/take-care-more-about-woman-health/</guid>
      <pubDate>Fri, 12 Jul 2019 14:39:55 GMT</pubDate>
      
        
        
          
          
      <description>&lt;p&gt;内裤卫生与我们的键康息息相关，不要等穿烂变形了再换。&lt;/p&gt;
&lt;p&gt;&lt;img src=&quot;http://img.gagahappy.cn/blog/2019/07/take-care-more-about-woman-health.jpg_b1&quot; alt=&quot;关爱女性健康&quot;</description>
          
        
      
      
      
      
      <category domain="http://www.gagahappy.com/categories/consciousness/">意识流</category>
      
      
      <category domain="http://www.gagahappy.com/tags/life/">生活</category>
      
      
    </item>
    
    <item>
      <title>Do you love me</title>
      <link>http://www.gagahappy.com/do-you-love-me-ha/</link>
      <guid>http://www.gagahappy.com/do-you-love-me-ha/</guid>
      <pubDate>Wed, 10 Jul 2019 05:21:50 GMT</pubDate>
      
        
        
          
          
      <description>&lt;p&gt;Do you love me?&lt;br&gt;Yea, I do&lt;br&gt;How much?&lt;br&gt;I love you more than yesterday but as than</description>
          
        
      
      
      
      
      <category domain="http://www.gagahappy.com/categories/consciousness/">意识流</category>
      
      
      <category domain="http://www.gagahappy.com/tags/journal/">随笔</category>
      
      
    </item>
    
    <item>
      <title>冲击横叉坚持就是胜利呀</title>
      <link>http://www.gagahappy.com/improve-split-again/</link>
      <guid>http://www.gagahappy.com/improve-split-again/</guid>
      <pubDate>Sun, 07 Jul 2019 16:11:39 GMT</pubDate>
      
        
        
          
          
      <description>&lt;p&gt;&lt;img src=&quot;http://img.gagahappy.cn/blog/2019/07/improve-split-again.jpg_b1&quot; alt=&quot;冲击横叉坚持就是胜利呀&quot;</description>
          
        
      
      
      
      
      <category domain="http://www.gagahappy.com/categories/consciousness/">意识流</category>
      
      
      <category domain="http://www.gagahappy.com/tags/journal/">随笔</category>
      
      
    </item>
    
    <item>
      <title>当你想早睡时</title>
      <link>http://www.gagahappy.com/you-cant-sleep-early/</link>
      <guid>http://www.gagahappy.com/you-cant-sleep-early/</guid>
      <pubDate>Thu, 04 Jul 2019 14:28:17 GMT</pubDate>
      
        
        
          
          
      <description>&lt;p&gt;当你想早睡时，总有一股神秘力量在阻止你&lt;/p&gt;
&lt;p&gt;卡里还有9元，坐地铁提示余额不足&lt;/p&gt;
&lt;p&gt;其实说英语有口音怎么了，美国人有100种口音呢，只要你把抑扬顿挫说对了，能够通就好&lt;/p&gt;
&lt;p&gt;待遇没有高低贵贱之分，有人拿易拉罐求婚，也能得到我愿意&lt;/p&gt;
</description>
          
        
      
      
      
      
      <category domain="http://www.gagahappy.com/categories/consciousness/">意识流</category>
      
      
      <category domain="http://www.gagahappy.com/tags/journal/">随笔</category>
      
      
    </item>
    
    <item>
      <title>I cant abide</title>
      <link>http://www.gagahappy.com/i-cant-abide/</link>
      <guid>http://www.gagahappy.com/i-cant-abide/</guid>
      <pubDate>Thu, 20 Jun 2019 11:35:35 GMT</pubDate>
      
        
        
          
          
      <description>&lt;p&gt;I can’t abide people with no sense of</description>
          
        
      
      
      
      
      <category domain="http://www.gagahappy.com/categories/consciousness/">意识流</category>
      
      
      <category domain="http://www.gagahappy.com/tags/journal/">随笔</category>
      
      
    </item>
    
  </channel>
</rss>
